Dataset, ,RGCN_Class,	
aifb,Max,24499.244988,	
aifb,Min,18380.779075,	
aifb,Avg,21854.756022,	
mutag,Max,64046.339132,	
mutag,Min,41653.987020,	
mutag,Avg,47074.071859,	
bgs,Max,847212.355118,	
bgs,Min,743671.379983,	
bgs,Avg,771617.052756,	
am,Max,10231613.274198,	
am,Min,9559404.919157,	
am,Avg,9764814.875758,	
