Dataset, ,RGCN_Class,	
aifb,s1,177.658694,	
aifb,s2,1046.242000,	
aifb,s3,188.156431,	
aifb,total,6076.530630,	
