Dataset, ,GCN,	
21,Max,456026.712898,	
21,Min,381156.146061,	
21,Avg,421299.301684,	
