Dataset, ,GCN,GCN_GRU,GCN_GATED,GraphSAGE,SGConv,TAGCN,	
D,Max,26985197.642818,62899903.076002,32059676.561039,784566802.100977,32831939.259078,37863196.113845,	
D,Min,26985197.642818,62899903.076002,32059676.561039,784566802.100977,32831939.259078,37863196.113845,	
D,Avg,26985197.642818,62899903.076002,32059676.561039,784566802.100977,32831939.259078,37863196.113845,	
